{
  "v": "5.9.3",
  "fr": 24,
  "ip": 0,
  "op": 48,
  "w": 1920,
  "h": 1080,
  "nm": "Comp 1",
  "ddd": 0,
  "assets": [],
  "layers": [
    {
      "ddd": 0,
      "ind": 1,
      "ty": 4,
      "nm": "Shape Layer 4",
      "sr": 1,
      "ks": {
        "o": {
          "a": 0,
          "k": 100,
          "ix": 11
        },
        "r": {
          "a": 0,
          "k": 0,
          "ix": 10
        },
        "p": {
          "a": 0,
          "k": [
            1119.344,
            563.031,
            0
          ],
          "ix": 2,
          "l": 2
        },
        "a": {
          "a": 0,
          "k": [
            159.344,
            23.031,
            0
          ],
          "ix": 1,
          "l": 2
        },
        "s": {
          "a": 0,
          "k": [
            100,
            100,
            100
          ],
          "ix": 6,
          "l": 2
        }
      },
      "ao": 0,
      "hasMask": true,
      "masksProperties": [
        {
          "inv": false,
          "mode": "a",
          "pt": {
            "a": 1,
            "k": [
              {
                "i": {
                  "x": 0.667,
                  "y": 1
                },
                "o": {
                  "x": 0.333,
                  "y": 0
                },
                "t": 3,
                "s": [
                  {
                    "i": [
                      [
                        0,
                        0
                      ],
                      [
                        0,
                        0
                      ],
                      [
                        0,
                        0
                      ],
                      [
                        0,
                        0
                      ]
                    ],
                    "o": [
                      [
                        0,
                        0
                      ],
                      [
                        0,
                        0
                      ],
                      [
                        0,
                        0
                      ],
                      [
                        0,
                        0
                      ]
                    ],
                    "v": [
                      [
                        297,
                        242.125
                      ],
                      [
                        240.688,
                        363.188
                      ],
                      [
                        422.875,
                        768.313
                      ],
                      [
                        515.625,
                        724
                      ]
                    ],
                    "c": true
                  }
                ]
              },
              {
                "t": 28,
                "s": [
                  {
                    "i": [
                      [
                        0,
                        0
                      ],
                      [
                        0,
                        0
                      ],
                      [
                        0,
                        0
                      ],
                      [
                        0,
                        0
                      ]
                    ],
                    "o": [
                      [
                        0,
                        0
                      ],
                      [
                        0,
                        0
                      ],
                      [
                        0,
                        0
                      ],
                      [
                        0,
                        0
                      ]
                    ],
                    "v": [
                      [
                        78.688,
                        -239.563
                      ],
                      [
                        22.375,
                        -118.5
                      ],
                      [
                        204.563,
                        286.625
                      ],
                      [
                        297.313,
                        242.313
                      ]
                    ],
                    "c": true
                  }
                ]
              }
            ],
            "ix": 1
          },
          "o": {
            "a": 0,
            "k": 100,
            "ix": 3
          },
          "x": {
            "a": 0,
            "k": 0,
            "ix": 4
          },
          "nm": "Mask 1"
        }
      ],
      "ef": [
        {
          "ty": 21,
          "nm": "Fill",
          "np": 9,
          "mn": "ADBE Fill",
          "ix": 1,
          "en": 1,
          "ef": [
            {
              "ty": 10,
              "nm": "Fill Mask",
              "mn": "ADBE Fill-0001",
              "ix": 1,
              "v": {
                "a": 0,
                "k": 0,
                "ix": 1
              }
            },
            {
              "ty": 7,
              "nm": "All Masks",
              "mn": "ADBE Fill-0007",
              "ix": 2,
              "v": {
                "a": 0,
                "k": 0,
                "ix": 2
              }
            },
            {
              "ty": 2,
              "nm": "Color",
              "mn": "ADBE Fill-0002",
              "ix": 3,
              "v": {
                "a": 0,
                "k": [
                  1,
                  1,
                  1
                ],
                "ix": 3
              }
            },
            {
              "ty": 7,
              "nm": "Invert",
              "mn": "ADBE Fill-0006",
              "ix": 4,
              "v": {
                "a": 0,
                "k": 0,
                "ix": 4
              }
            },
            {
              "ty": 0,
              "nm": "Horizontal Feather",
              "mn": "ADBE Fill-0003",
              "ix": 5,
              "v": {
                "a": 0,
                "k": 0,
                "ix": 5
              }
            },
            {
              "ty": 0,
              "nm": "Vertical Feather",
              "mn": "ADBE Fill-0004",
              "ix": 6,
              "v": {
                "a": 0,
                "k": 0,
                "ix": 6
              }
            },
            {
              "ty": 0,
              "nm": "Opacity",
              "mn": "ADBE Fill-0005",
              "ix": 7,
              "v": {
                "a": 0,
                "k": 1,
                "ix": 7
              }
            }
          ]
        }
      ],
      "shapes": [
        {
          "ty": "gr",
          "it": [
            {
              "ind": 0,
              "ty": "sh",
              "ix": 1,
              "ks": {
                "a": 0,
                "k": {
                  "i": [
                    [
                      0,
                      0
                    ],
                    [
                      0,
                      0
                    ],
                    [
                      0,
                      0
                    ],
                    [
                      0,
                      0
                    ]
                  ],
                  "o": [
                    [
                      0,
                      0
                    ],
                    [
                      0,
                      0
                    ],
                    [
                      0,
                      0
                    ],
                    [
                      0,
                      0
                    ]
                  ],
                  "v": [
                    [
                      78.188,
                      -240.063
                    ],
                    [
                      21.875,
                      -119
                    ],
                    [
                      204.063,
                      286.125
                    ],
                    [
                      296.813,
                      241.813
                    ]
                  ],
                  "c": true
                },
                "ix": 2
              },
              "nm": "Path 1",
              "mn": "ADBE Vector Shape - Group",
              "hd": false
            },
            {
              "ty": "fl",
              "c": {
                "a": 0,
                "k": [
                  1,
                  1,
                  1
                ],
                "ix": 4
              },
              "o": {
                "a": 0,
                "k": 100,
                "ix": 5
              },
              "r": 1,
              "bm": 0,
              "nm": "Fill 1",
              "mn": "ADBE Vector Graphic - Fill",
              "hd": false
            },
            {
              "ty": "tr",
              "p": {
                "a": 0,
                "k": [
                  0,
                  0
                ],
                "ix": 2
              },
              "a": {
                "a": 0,
                "k": [
                  0,
                  0
                ],
                "ix": 1
              },
              "s": {
                "a": 0,
                "k": [
                  100,
                  100
                ],
                "ix": 3
              },
              "r": {
                "a": 0,
                "k": 0,
                "ix": 6
              },
              "o": {
                "a": 0,
                "k": 100,
                "ix": 7
              },
              "sk": {
                "a": 0,
                "k": 0,
                "ix": 4
              },
              "sa": {
                "a": 0,
                "k": 0,
                "ix": 5
              },
              "nm": "Transform"
            }
          ],
          "nm": "Shape 1",
          "np": 3,
          "cix": 2,
          "bm": 0,
          "ix": 1,
          "mn": "ADBE Vector Group",
          "hd": false
        }
      ],
      "ip": 0,
      "op": 196,
      "st": 0,
      "ct": 1,
      "bm": 0
    },
    {
      "ddd": 0,
      "ind": 2,
      "ty": 4,
      "nm": "Shape Layer 2",
      "sr": 1,
      "ks": {
        "o": {
          "a": 0,
          "k": 100,
          "ix": 11
        },
        "r": {
          "a": 0,
          "k": 0,
          "ix": 10
        },
        "p": {
          "a": 0,
          "k": [
            883.375,
            744.945,
            0
          ],
          "ix": 2,
          "l": 2
        },
        "a": {
          "a": 0,
          "k": [
            -76.625,
            204.945,
            0
          ],
          "ix": 1,
          "l": 2
        },
        "s": {
          "a": 0,
          "k": [
            100,
            100,
            100
          ],
          "ix": 6,
          "l": 2
        }
      },
      "ao": 0,
      "hasMask": true,
      "masksProperties": [
        {
          "inv": false,
          "mode": "a",
          "pt": {
            "a": 1,
            "k": [
              {
                "i": {
                  "x": 0.833,
                  "y": 0.833
                },
                "o": {
                  "x": 0.333,
                  "y": 0
                },
                "t": 3,
                "s": [
                  {
                    "i": [
                      [
                        0,
                        0
                      ],
                      [
                        29.352,
                        -6.959
                      ],
                      [
                        0,
                        0
                      ],
                      [
                        0,
                        0
                      ],
                      [
                        -16.076,
                        69.844
                      ],
                      [
                        0,
                        0
                      ]
                    ],
                    "o": [
                      [
                        0,
                        0
                      ],
                      [
                        -59.648,
                        -140.959
                      ],
                      [
                        0,
                        0
                      ],
                      [
                        0,
                        0
                      ],
                      [
                        -46.075,
                        -38.156
                      ],
                      [
                        0,
                        0
                      ]
                    ],
                    "v": [
                      [
                        90,
                        131
                      ],
                      [
                        177.648,
                        92.959
                      ],
                      [
                        52.187,
                        7.187
                      ],
                      [
                        181.937,
                        309
                      ],
                      [
                        247.075,
                        309.156
                      ],
                      [
                        149.187,
                        254.938
                      ]
                    ],
                    "c": true
                  }
                ]
              },
              {
                "i": {
                  "x": 0.515,
                  "y": 1
                },
                "o": {
                  "x": 0.167,
                  "y": 0.167
                },
                "t": 24,
                "s": [
                  {
                    "i": [
                      [
                        0,
                        0
                      ],
                      [
                        81.029,
                        -21.282
                      ],
                      [
                        0,
                        0
                      ],
                      [
                        0,
                        0
                      ],
                      [
                        -66.204,
                        21.07
                      ],
                      [
                        0,
                        0
                      ]
                    ],
                    "o": [
                      [
                        0,
                        0
                      ],
                      [
                        -112.487,
                        0.525
                      ],
                      [
                        0,
                        0
                      ],
                      [
                        0,
                        0
                      ],
                      [
                        85.731,
                        -18.995
                      ],
                      [
                        0,
                        0
                      ]
                    ],
                    "v": [
                      [
                        90,
                        131
                      ],
                      [
                        -93.416,
                        117.766
                      ],
                      [
                        -246.877,
                        187.22
                      ],
                      [
                        -119.998,
                        294.29
                      ],
                      [
                        13.463,
                        241.027
                      ],
                      [
                        149.187,
                        254.938
                      ]
                    ],
                    "c": true
                  }
                ]
              },
              {
                "t": 31,
                "s": [
                  {
                    "i": [
                      [
                        0,
                        0
                      ],
                      [
                        96.102,
                        -25.459
                      ],
                      [
                        0,
                        0
                      ],
                      [
                        0,
                        0
                      ],
                      [
                        -80.825,
                        6.844
                      ],
                      [
                        0,
                        0
                      ]
                    ],
                    "o": [
                      [
                        0,
                        0
                      ],
                      [
                        -127.898,
                        41.791
                      ],
                      [
                        0,
                        0
                      ],
                      [
                        0,
                        0
                      ],
                      [
                        124.175,
                        -13.406
                      ],
                      [
                        0,
                        0
                      ]
                    ],
                    "v": [
                      [
                        90,
                        131
                      ],
                      [
                        -114.352,
                        131.459
                      ],
                      [
                        -301.813,
                        246.188
                      ],
                      [
                        -208.063,
                        290
                      ],
                      [
                        -54.675,
                        221.156
                      ],
                      [
                        149.188,
                        254.938
                      ]
                    ],
                    "c": true
                  }
                ]
              }
            ],
            "ix": 1
          },
          "o": {
            "a": 0,
            "k": 100,
            "ix": 3
          },
          "x": {
            "a": 0,
            "k": 0,
            "ix": 4
          },
          "nm": "Mask 1"
        }
      ],
      "ef": [
        {
          "ty": 21,
          "nm": "Fill",
          "np": 9,
          "mn": "ADBE Fill",
          "ix": 1,
          "en": 1,
          "ef": [
            {
              "ty": 10,
              "nm": "Fill Mask",
              "mn": "ADBE Fill-0001",
              "ix": 1,
              "v": {
                "a": 0,
                "k": 0,
                "ix": 1
              }
            },
            {
              "ty": 7,
              "nm": "All Masks",
              "mn": "ADBE Fill-0007",
              "ix": 2,
              "v": {
                "a": 0,
                "k": 0,
                "ix": 2
              }
            },
            {
              "ty": 2,
              "nm": "Color",
              "mn": "ADBE Fill-0002",
              "ix": 3,
              "v": {
                "a": 0,
                "k": [
                  1,
                  1,
                  1
                ],
                "ix": 3
              }
            },
            {
              "ty": 7,
              "nm": "Invert",
              "mn": "ADBE Fill-0006",
              "ix": 4,
              "v": {
                "a": 0,
                "k": 0,
                "ix": 4
              }
            },
            {
              "ty": 0,
              "nm": "Horizontal Feather",
              "mn": "ADBE Fill-0003",
              "ix": 5,
              "v": {
                "a": 0,
                "k": 0,
                "ix": 5
              }
            },
            {
              "ty": 0,
              "nm": "Vertical Feather",
              "mn": "ADBE Fill-0004",
              "ix": 6,
              "v": {
                "a": 0,
                "k": 0,
                "ix": 6
              }
            },
            {
              "ty": 0,
              "nm": "Opacity",
              "mn": "ADBE Fill-0005",
              "ix": 7,
              "v": {
                "a": 0,
                "k": 1,
                "ix": 7
              }
            }
          ]
        }
      ],
      "shapes": [
        {
          "ty": "gr",
          "it": [
            {
              "ind": 0,
              "ty": "sh",
              "ix": 1,
              "ks": {
                "a": 0,
                "k": {
                  "i": [
                    [
                      0,
                      0
                    ],
                    [
                      96.102,
                      -25.459
                    ],
                    [
                      0,
                      0
                    ],
                    [
                      -68,
                      -31
                    ],
                    [
                      -51.605,
                      5.931
                    ],
                    [
                      0,
                      0
                    ]
                  ],
                  "o": [
                    [
                      0,
                      0
                    ],
                    [
                      -129.398,
                      42.541
                    ],
                    [
                      0,
                      0
                    ],
                    [
                      53.106,
                      -45.982
                    ],
                    [
                      111.425,
                      -10.656
                    ],
                    [
                      0,
                      0
                    ]
                  ],
                  "v": [
                    [
                      89.5,
                      130.5
                    ],
                    [
                      -114.602,
                      131.459
                    ],
                    [
                      -301.938,
                      245.938
                    ],
                    [
                      -208,
                      290
                    ],
                    [
                      -45.425,
                      219.656
                    ],
                    [
                      148.688,
                      254.438
                    ]
                  ],
                  "c": true
                },
                "ix": 2
              },
              "nm": "Path 1",
              "mn": "ADBE Vector Shape - Group",
              "hd": false
            },
            {
              "ty": "fl",
              "c": {
                "a": 0,
                "k": [
                  1,
                  1,
                  1
                ],
                "ix": 4
              },
              "o": {
                "a": 0,
                "k": 100,
                "ix": 5
              },
              "r": 1,
              "bm": 0,
              "nm": "Fill 1",
              "mn": "ADBE Vector Graphic - Fill",
              "hd": false
            },
            {
              "ty": "tr",
              "p": {
                "a": 0,
                "k": [
                  0,
                  0
                ],
                "ix": 2
              },
              "a": {
                "a": 0,
                "k": [
                  0,
                  0
                ],
                "ix": 1
              },
              "s": {
                "a": 0,
                "k": [
                  100,
                  100
                ],
                "ix": 3
              },
              "r": {
                "a": 0,
                "k": 0,
                "ix": 6
              },
              "o": {
                "a": 0,
                "k": 100,
                "ix": 7
              },
              "sk": {
                "a": 0,
                "k": 0,
                "ix": 4
              },
              "sa": {
                "a": 0,
                "k": 0,
                "ix": 5
              },
              "nm": "Transform"
            }
          ],
          "nm": "Shape 2",
          "np": 3,
          "cix": 2,
          "bm": 0,
          "ix": 1,
          "mn": "ADBE Vector Group",
          "hd": false
        }
      ],
      "ip": 0,
      "op": 196,
      "st": 0,
      "ct": 1,
      "bm": 0
    },
    {
      "ddd": 0,
      "ind": 3,
      "ty": 4,
      "nm": "Shape Layer 1",
      "sr": 1,
      "ks": {
        "o": {
          "a": 0,
          "k": 100,
          "ix": 11
        },
        "r": {
          "a": 0,
          "k": 0,
          "ix": 10
        },
        "p": {
          "a": 0,
          "k": [
            854.406,
            486.96900000000005,
            0
          ],
          "ix": 2,
          "l": 2
        },
        "a": {
          "a": 0,
          "k": [
            -105.594,
            -53.031,
            0
          ],
          "ix": 1,
          "l": 2
        },
        "s": {
          "a": 0,
          "k": [
            100,
            100,
            100
          ],
          "ix": 6,
          "l": 2
        }
      },
      "ao": 0,
      "hasMask": true,
      "masksProperties": [
        {
          "inv": false,
          "mode": "a",
          "pt": {
            "a": 1,
            "k": [
              {
                "i": {
                  "x": 0.667,
                  "y": 1
                },
                "o": {
                  "x": 0.333,
                  "y": 0
                },
                "t": 3,
                "s": [
                  {
                    "i": [
                      [
                        0,
                        0
                      ],
                      [
                        38.75,
                        -83
                      ],
                      [
                        0,
                        0
                      ],
                      [
                        0,
                        0
                      ],
                      [
                        0,
                        0
                      ]
                    ],
                    "o": [
                      [
                        0,
                        0
                      ],
                      [
                        75.25,
                        -45.5
                      ],
                      [
                        0,
                        0
                      ],
                      [
                        0,
                        0
                      ],
                      [
                        0,
                        0
                      ]
                    ],
                    "v": [
                      [
                        140.438,
                        -708.125
                      ],
                      [
                        -59.75,
                        -273.063
                      ],
                      [
                        84.75,
                        -338.063
                      ],
                      [
                        138.957,
                        -458.034
                      ],
                      [
                        251.563,
                        -707.25
                      ]
                    ],
                    "c": true
                  }
                ]
              },
              {
                "t": 31,
                "s": [
                  {
                    "i": [
                      [
                        0,
                        0
                      ],
                      [
                        38.75,
                        -83
                      ],
                      [
                        0,
                        0
                      ],
                      [
                        0,
                        0
                      ],
                      [
                        0,
                        0
                      ]
                    ],
                    "o": [
                      [
                        0,
                        0
                      ],
                      [
                        75.25,
                        -45.5
                      ],
                      [
                        0,
                        0
                      ],
                      [
                        0,
                        0
                      ],
                      [
                        0,
                        0
                      ]
                    ],
                    "v": [
                      [
                        -61.125,
                        -270.563
                      ],
                      [
                        -261.313,
                        164.5
                      ],
                      [
                        -116.813,
                        99.5
                      ],
                      [
                        -62.605,
                        -20.471
                      ],
                      [
                        50,
                        -269.688
                      ]
                    ],
                    "c": true
                  }
                ]
              }
            ],
            "ix": 1
          },
          "o": {
            "a": 0,
            "k": 100,
            "ix": 3
          },
          "x": {
            "a": 0,
            "k": 0,
            "ix": 4
          },
          "nm": "Mask 1"
        }
      ],
      "ef": [
        {
          "ty": 21,
          "nm": "Fill",
          "np": 9,
          "mn": "ADBE Fill",
          "ix": 1,
          "en": 1,
          "ef": [
            {
              "ty": 10,
              "nm": "Fill Mask",
              "mn": "ADBE Fill-0001",
              "ix": 1,
              "v": {
                "a": 0,
                "k": 0,
                "ix": 1
              }
            },
            {
              "ty": 7,
              "nm": "All Masks",
              "mn": "ADBE Fill-0007",
              "ix": 2,
              "v": {
                "a": 0,
                "k": 0,
                "ix": 2
              }
            },
            {
              "ty": 2,
              "nm": "Color",
              "mn": "ADBE Fill-0002",
              "ix": 3,
              "v": {
                "a": 0,
                "k": [
                  1,
                  1,
                  1
                ],
                "ix": 3
              }
            },
            {
              "ty": 7,
              "nm": "Invert",
              "mn": "ADBE Fill-0006",
              "ix": 4,
              "v": {
                "a": 0,
                "k": 0,
                "ix": 4
              }
            },
            {
              "ty": 0,
              "nm": "Horizontal Feather",
              "mn": "ADBE Fill-0003",
              "ix": 5,
              "v": {
                "a": 0,
                "k": 0,
                "ix": 5
              }
            },
            {
              "ty": 0,
              "nm": "Vertical Feather",
              "mn": "ADBE Fill-0004",
              "ix": 6,
              "v": {
                "a": 0,
                "k": 0,
                "ix": 6
              }
            },
            {
              "ty": 0,
              "nm": "Opacity",
              "mn": "ADBE Fill-0005",
              "ix": 7,
              "v": {
                "a": 0,
                "k": 1,
                "ix": 7
              }
            }
          ]
        }
      ],
      "shapes": [
        {
          "ty": "gr",
          "it": [
            {
              "ind": 0,
              "ty": "sh",
              "ix": 1,
              "ks": {
                "a": 0,
                "k": {
                  "i": [
                    [
                      0,
                      0
                    ],
                    [
                      38.75,
                      -83
                    ],
                    [
                      0,
                      0
                    ],
                    [
                      0,
                      0
                    ],
                    [
                      0,
                      0
                    ]
                  ],
                  "o": [
                    [
                      0,
                      0
                    ],
                    [
                      75.25,
                      -45.5
                    ],
                    [
                      0,
                      0
                    ],
                    [
                      0,
                      0
                    ],
                    [
                      0,
                      0
                    ]
                  ],
                  "v": [
                    [
                      -61.062,
                      -270.563
                    ],
                    [
                      -261.25,
                      164.5
                    ],
                    [
                      -116.75,
                      99.5
                    ],
                    [
                      -62.543,
                      -20.471
                    ],
                    [
                      50.063,
                      -269.688
                    ]
                  ],
                  "c": true
                },
                "ix": 2
              },
              "nm": "Path 1",
              "mn": "ADBE Vector Shape - Group",
              "hd": false
            },
            {
              "ty": "fl",
              "c": {
                "a": 0,
                "k": [
                  1,
                  1,
                  1
                ],
                "ix": 4
              },
              "o": {
                "a": 0,
                "k": 100,
                "ix": 5
              },
              "r": 1,
              "bm": 0,
              "nm": "Fill 1",
              "mn": "ADBE Vector Graphic - Fill",
              "hd": false
            },
            {
              "ty": "tr",
              "p": {
                "a": 0,
                "k": [
                  0,
                  0
                ],
                "ix": 2
              },
              "a": {
                "a": 0,
                "k": [
                  0,
                  0
                ],
                "ix": 1
              },
              "s": {
                "a": 0,
                "k": [
                  100,
                  100
                ],
                "ix": 3
              },
              "r": {
                "a": 0,
                "k": 0,
                "ix": 6
              },
              "o": {
                "a": 0,
                "k": 100,
                "ix": 7
              },
              "sk": {
                "a": 0,
                "k": 0,
                "ix": 4
              },
              "sa": {
                "a": 0,
                "k": 0,
                "ix": 5
              },
              "nm": "Transform"
            }
          ],
          "nm": "Shape 1",
          "np": 3,
          "cix": 2,
          "bm": 0,
          "ix": 1,
          "mn": "ADBE Vector Group",
          "hd": false
        }
      ],
      "ip": 0,
      "op": 196,
      "st": 0,
      "ct": 1,
      "bm": 0
    },
    {
      "ddd": 0,
      "ind": 4,
      "ty": 4,
      "nm": "Shape Layer 3",
      "sr": 1,
      "ks": {
        "o": {
          "a": 1,
          "k": [
            {
              "i": {
                "x": [
                  0.667
                ],
                "y": [
                  1
                ]
              },
              "o": {
                "x": [
                  0.333
                ],
                "y": [
                  0
                ]
              },
              "t": 0,
              "s": [
                0
              ]
            },
            {
              "t": 27,
              "s": [
                100
              ]
            }
          ],
          "ix": 11
        },
        "r": {
          "a": 0,
          "k": 0,
          "ix": 10
        },
        "p": {
          "a": 0,
          "k": [
            960,
            540,
            0
          ],
          "ix": 2,
          "l": 2
        },
        "a": {
          "a": 0,
          "k": [
            0,
            0,
            0
          ],
          "ix": 1,
          "l": 2
        },
        "s": {
          "a": 0,
          "k": [
            100,
            100,
            100
          ],
          "ix": 6,
          "l": 2
        }
      },
      "ao": 0,
      "ef": [
        {
          "ty": 21,
          "nm": "Fill",
          "np": 9,
          "mn": "ADBE Fill",
          "ix": 1,
          "en": 1,
          "ef": [
            {
              "ty": 10,
              "nm": "Fill Mask",
              "mn": "ADBE Fill-0001",
              "ix": 1,
              "v": {
                "a": 0,
                "k": 0,
                "ix": 1
              }
            },
            {
              "ty": 7,
              "nm": "All Masks",
              "mn": "ADBE Fill-0007",
              "ix": 2,
              "v": {
                "a": 0,
                "k": 0,
                "ix": 2
              }
            },
            {
              "ty": 2,
              "nm": "Color",
              "mn": "ADBE Fill-0002",
              "ix": 3,
              "v": {
                "a": 0,
                "k": [
                  1,
                  1,
                  1
                ],
                "ix": 3
              }
            },
            {
              "ty": 7,
              "nm": "Invert",
              "mn": "ADBE Fill-0006",
              "ix": 4,
              "v": {
                "a": 0,
                "k": 0,
                "ix": 4
              }
            },
            {
              "ty": 0,
              "nm": "Horizontal Feather",
              "mn": "ADBE Fill-0003",
              "ix": 5,
              "v": {
                "a": 0,
                "k": 0,
                "ix": 5
              }
            },
            {
              "ty": 0,
              "nm": "Vertical Feather",
              "mn": "ADBE Fill-0004",
              "ix": 6,
              "v": {
                "a": 0,
                "k": 0,
                "ix": 6
              }
            },
            {
              "ty": 0,
              "nm": "Opacity",
              "mn": "ADBE Fill-0005",
              "ix": 7,
              "v": {
                "a": 0,
                "k": 1,
                "ix": 7
              }
            }
          ]
        }
      ],
      "shapes": [
        {
          "ty": "gr",
          "it": [
            {
              "ind": 0,
              "ty": "sh",
              "ix": 1,
              "ks": {
                "a": 0,
                "k": {
                  "i": [
                    [
                      9.875,
                      -0.375
                    ],
                    [
                      0,
                      0
                    ],
                    [
                      0,
                      -6.25
                    ],
                    [
                      -2.202,
                      -3.461
                    ],
                    [
                      -4.5,
                      0
                    ],
                    [
                      -8.75,
                      0
                    ],
                    [
                      -5.938,
                      -0.063
                    ],
                    [
                      -3.313,
                      3.938
                    ],
                    [
                      0,
                      0
                    ],
                    [
                      0,
                      0
                    ]
                  ],
                  "o": [
                    [
                      -10.625,
                      -0.125
                    ],
                    [
                      0,
                      0
                    ],
                    [
                      0,
                      6.25
                    ],
                    [
                      2.177,
                      3.421
                    ],
                    [
                      6.5,
                      0
                    ],
                    [
                      8.75,
                      0
                    ],
                    [
                      6.125,
                      0.313
                    ],
                    [
                      9.062,
                      -9.062
                    ],
                    [
                      0,
                      0
                    ],
                    [
                      0,
                      0
                    ]
                  ],
                  "v": [
                    [
                      1.75,
                      -53.875
                    ],
                    [
                      -13.188,
                      -46.25
                    ],
                    [
                      -64.375,
                      68.437
                    ],
                    [
                      -61.938,
                      80.5
                    ],
                    [
                      -52.125,
                      87.688
                    ],
                    [
                      -0.063,
                      86
                    ],
                    [
                      50.25,
                      90.438
                    ],
                    [
                      63.5,
                      82.125
                    ],
                    [
                      66.375,
                      56.375
                    ],
                    [
                      18.563,
                      -46.375
                    ]
                  ],
                  "c": true
                },
                "ix": 2
              },
              "nm": "Path 1",
              "mn": "ADBE Vector Shape - Group",
              "hd": false
            },
            {
              "ty": "fl",
              "c": {
                "a": 0,
                "k": [
                  1,
                  1,
                  1
                ],
                "ix": 4
              },
              "o": {
                "a": 0,
                "k": 100,
                "ix": 5
              },
              "r": 1,
              "bm": 0,
              "nm": "Fill 1",
              "mn": "ADBE Vector Graphic - Fill",
              "hd": false
            },
            {
              "ty": "tr",
              "p": {
                "a": 0,
                "k": [
                  0,
                  0
                ],
                "ix": 2
              },
              "a": {
                "a": 0,
                "k": [
                  0,
                  0
                ],
                "ix": 1
              },
              "s": {
                "a": 0,
                "k": [
                  100,
                  100
                ],
                "ix": 3
              },
              "r": {
                "a": 0,
                "k": 0,
                "ix": 6
              },
              "o": {
                "a": 0,
                "k": 100,
                "ix": 7
              },
              "sk": {
                "a": 0,
                "k": 0,
                "ix": 4
              },
              "sa": {
                "a": 0,
                "k": 0,
                "ix": 5
              },
              "nm": "Transform"
            }
          ],
          "nm": "Shape 1",
          "np": 3,
          "cix": 2,
          "bm": 0,
          "ix": 1,
          "mn": "ADBE Vector Group",
          "hd": false
        }
      ],
      "ip": 0,
      "op": 196,
      "st": 0,
      "ct": 1,
      "bm": 0
    }
  ],
  "markers": []
}